game_id,posteam,fixed_drive,order_sequence,ydstogo,yardline_100,game_seconds_remaining,field_goal_attempt,punt_attempt,kick_distance,epa,wp,season,week,game_date,home_team,away_team,defteam,decision,drive_epa,drive_success_rate,drive_posteam_score_start,drive_posteam_score_end,drive_start_yard_line,fixed_drive_result,drive_points,epa_per_drive_roll6,success_rate_roll6,points_per_drive_roll6,ydstogo_bin,yardline_bin,off_go_attempts,off_go_conv_rate,def_go_faced,def_go_stop_rate
2016_03_CLE_MIA,MIA,26.0,4589.0,6.0,56.0,816.0,0.0,1.0,47.0,0.5106255,0.432494,2016,3,2016-09-25,MIA,CLE,CLE,PUNT,-0.9185188,0.3333333333333333,24.0,24.0,MIA 22,Punt,0.0,,,,6-10,41-60,,,2.0,0.5
2016_06_IND_HOU,IND,24.0,4221.0,12.0,62.0,714.0,0.0,0.0,43.406976744186046,0.28114212,0.374349,2016,6,2016-10-16,HOU,IND,HOU,GO,-2.7284484,0.625,23.0,23.0,IND 26,Punt,0.0,,,,11+,61-80,2.0,0.0,1.0,1.0
2016_06_IND_HOU,IND,24.0,4248.0,7.0,57.0,702.0,0.0,1.0,41.0,-1.3539158,0.40061483,2016,6,2016-10-16,HOU,IND,HOU,PUNT,-2.7284484,0.625,23.0,23.0,IND 26,Punt,0.0,,,,6-10,41-60,2.0,0.5,3.0,1.0
2016_07_SD_ATL,ATL,21.0,4219.0,1.0,55.0,736.0,0.0,0.0,43.406976744186046,-3.3984525,0.36163196,2016,7,2016-10-23,ATL,LAC,LAC,GO,-4.543266,0.375,30.0,30.0,ATL 25,Turnover on downs,0.0,1.2035432,0.4612706966954802,2.7484848,1,41-60,3.0,0.6666666666666666,4.0,0.5
2016_07_SEA_ARI,ARI,23.0,4461.0,5.0,27.0,688.0,1.0,0.0,45.0,0.9792247,0.85225505,2016,7,2016-10-23,ARI,SEA,SEA,FG,1.6027861,0.4,3.0,6.0,ARI 25,Field goal,3.0,-0.14437425,0.3786532041591565,1.8944806,3-5,21-40,2.0,1.0,1.0,1.0
2016_08_OAK_TB,LV,23.0,4416.0,21.0,34.0,663.0,1.0,0.0,52.0,-3.3273048,0.7125684,2016,8,2016-10-30,TB,LV,TB,FG,-3.0001295,0.3,24.0,24.0,LV 25,Missed field goal,0.0,0.10098368,0.4092070139199664,1.9980769,11+,21-40,,,,
2016_08_PHI_DAL,DAL,25.0,4791.0,1.0,28.0,659.0,0.0,0.0,43.406976744186046,1.4422946,0.78934133,2016,8,2016-10-30,DAL,PHI,PHI,GO,5.602786,0.5384615384615384,23.0,29.0,DAL 25,Touchdown,6.0,0.9553583,0.4165950318442148,2.6563973,1,21-40,5.0,1.0,3.0,0.3333333333333333
2016_08_WAS_CIN,WAS,22.0,4666.0,7.0,45.0,722.0,0.0,1.0,35.0,-0.24558686,0.45553577,2016,8,2016-10-30,CIN,WAS,CIN,PUNT,-1.1327618,0.2222222222222222,27.0,27.0,WAS 25,Punt,0.0,0.5012828,0.441329844767053,2.2397547,6-10,41-60,,,1.0,1.0
2016_12_KC_DEN,DEN,26.0,4633.0,16.0,26.0,535.0,1.0,0.0,44.0,1.0005074,0.83854234,2016,12,2016-11-27,DEN,KC,KC,FG,1.8535478,0.3846153846153846,24.0,27.0,DEN 25,Field goal,3.0,-0.581287,0.3245889332163842,1.5738956,11+,21-40,,,1.0,1.0
2016_14_NYJ_SF,SF,25.0,4219.0,2.0,37.0,776.0,0.0,0.0,43.406976744186046,-2.9155483,0.6200335,2016,14,2016-12-11,SF,NYJ,NYJ,GO,-2.7369494,0.2857142857142857,17.0,17.0,SF 25,Turnover on downs,0.0,-0.5135015,0.342468372985864,1.5631313,2,21-40,2.0,0.5,2.0,1.0
2016_16_MIA_BUF,BUF,24.0,4896.0,20.0,27.0,608.0,1.0,0.0,45.0,-3.2711613,0.8270609,2016,16,2016-12-24,BUF,MIA,MIA,FG,-2.5153975,0.3636363636363636,31.0,31.0,BUF 25,Missed field goal,0.0,0.37497285,0.4145390685971122,2.3308082,11+,21-40,1.0,0.0,1.0,1.0
2016_17_CLE_PIT,CLE,26.0,4507.0,16.0,16.0,441.0,1.0,0.0,34.0,0.32397547,0.94344217,2016,17,2017-01-01,PIT,CLE,PIT,FG,2.2315354,0.5,21.0,24.0,CLE 19,Field goal,3.0,-0.9957257,0.2910549808987309,1.0991162,11+,0-20,,,,
2017_03_CIN_GB,CIN,22.0,3995.0,5.0,70.0,474.0,0.0,1.0,58.0,-0.43262818,0.31874064,2017,3,2017-09-24,GB,CIN,GB,PUNT,-2.0876088,0.4,24.0,24.0,CIN 25,Punt,0.0,,,,3-5,61-80,1.0,0.0,,
2017_04_JAX_NYJ,JAX,24.0,4142.0,10.0,54.0,505.0,0.0,1.0,51.0,0.62786096,0.36690548,2017,4,2017-10-01,NYJ,JAX,NYJ,PUNT,-0.73277074,0.25,20.0,20.0,JAX 25,Punt,0.0,,,,6-10,41-60,3.0,1.0,2.0,1.0
2017_04_SF_ARI,SF,26.0,5239.0,5.0,5.0,148.0,1.0,0.0,23.0,0.06222838,0.98442036,2017,4,2017-10-01,ARI,SF,ARI,FG,1.8597975,0.5238095238095238,12.0,15.0,SF 22,Field goal,3.0,,,,3-5,0-20,2.0,1.0,1.0,1.0
2017_06_CHI_BAL,CHI,29.0,4531.0,8.0,68.0,428.0,0.0,1.0,28.0,-1.1173477,0.290402,2017,6,2017-10-15,BAL,CHI,BAL,PUNT,-2.9736633,0.2857142857142857,24.0,24.0,CHI 20,Punt,0.0,,,,6-10,61-80,1.0,0.0,,
2017_07_TEN_CLE,CLE,21.0,3963.0,10.0,75.0,554.0,0.0,1.0,38.0,-0.450322,0.2945078,2017,7,2017-10-22,CLE,TEN,TEN,PUNT,-2.8105419,0.0,9.0,9.0,CLE 25,Punt,0.0,-0.9930456,0.3568167520402785,1.204612,6-10,61-80,2.0,0.5,,
2017_10_LAC_JAX,JAX,31.0,4649.0,8.0,47.0,382.0,0.0,1.0,37.0,-0.11861252,0.3733733,2017,10,2017-11-12,JAX,LAC,LAC,PUNT,-1.1709375,0.4,17.0,17.0,JAX 29,Punt,0.0,0.36763418,0.4050368620774603,1.8959447,6-10,41-60,3.0,1.0,3.0,0.6666666666666667
2017_11_KC_NYG,KC,23.0,4171.0,7.0,62.0,366.0,0.0,1.0,52.0,0.119665794,0.3050818,2017,11,2017-11-19,NYG,KC,NYG,PUNT,-1.4218034,0.25,9.0,9.0,KC 22,Punt,0.0,0.81219095,0.4356608085143438,2.220202,6-10,61-80,,,,
2017_11_WAS_NO,WAS,21.0,4605.0,20.0,85.0,545.0,0.0,1.0,60.0,-0.09052765,0.2190715,2017,11,2017-11-19,NO,WAS,NO,PUNT,-3.4402285,0.0,31.0,31.0,WAS 25,Punt,0.0,-0.25359988,0.3460010207080171,1.9438616,11+,81-100,,,,
2017_14_IND_BUF,BUF,23.0,3919.0,1.0,41.0,253.0,0.0,1.0,31.0,-1.5941494,0.4467911,2017,14,2017-12-10,BUF,IND,IND,PUNT,-1.270289,0.2727272727272727,7.0,7.0,BUF 24,Punt,0.0,-0.85027003,0.3552218258949028,1.3876067,1,41-60,3.0,0.0,3.0,0.6666666666666667
2018_01_PIT_CLE,CLE,31.0,4648.0,1.0,66.0,530.0,0.0,1.0,49.0,-0.29280964,0.3730614,2018,1,2018-09-09,CLE,PIT,PIT,PUNT,-1.5516475,0.2,21.0,21.0,CLE 25,Punt,0.0,,,,1,61-80,,,,
2018_02_MIN_GB,MIN,23.0,4317.0,9.0,31.0,456.0,1.0,0.0,49.0,-3.5922754,0.74630636,2018,2,2018-09-16,GB,MIN,GB,FG,-3.0921812,0.375,29.0,29.0,MIN 30,Missed field goal,0.0,,,,6-10,21-40,1.0,1.0,,
2018_04_CLE_OAK,LV,36.0,5176.0,7.0,32.0,374.0,1.0,0.0,50.0,-2.651099,0.71069723,2018,4,2018-09-30,LV,CLE,CLE,FG,-2.5814092,0.25,42.0,42.0,LV 25,Missed field goal,0.0,,,,6-10,21-40,1.0,0.0,,
2018_04_HOU_IND,IND,26.0,5048.0,2.0,25.0,364.0,1.0,0.0,44.0,0.78350085,0.86505896,2018,4,2018-09-30,IND,HOU,HOU,FG,1.5438483,0.4285714285714285,31.0,34.0,IND 25,Field goal,3.0,,,,2,21-40,1.0,1.0,1.0,0.0
2018_04_PHI_TEN,PHI,23.0,4000.0,12.0,19.0,383.0,1.0,0.0,37.0,0.43099824,0.91918916,2018,4,2018-09-30,TEN,PHI,TEN,FG,2.0199714,0.6,20.0,23.0,PHI 25,Field goal,3.0,,,,11+,0-20,,,,
2018_05_BAL_CLE,CLE,26.0,4390.0,4.0,69.0,483.0,0.0,1.0,56.0,0.83608484,0.31227332,2018,5,2018-10-07,CLE,BAL,BAL,PUNT,-0.9890187,0.4,9.0,9.0,CLE 25,Punt,0.0,,,,3-5,61-80,,,1.0,1.0
2018_05_DAL_HOU,DAL,24.0,4211.0,1.0,42.0,340.0,0.0,1.0,32.0,-1.608514,0.51195407,2018,5,2018-10-07,HOU,DAL,HOU,PUNT,-1.2961011,0.4444444444444444,16.0,16.0,DAL 25,Punt,0.0,,,,1,41-60,7.0,0.5714285714285714,4.0,0.0
2018_07_CLE_TB,CLE,26.0,4445.0,6.0,71.0,531.0,0.0,1.0,54.0,0.7736287,0.29880902,2018,7,2018-10-21,TB,CLE,TB,PUNT,-1.1548282,0.3333333333333333,23.0,23.0,CLE 25,Punt,0.0,-0.9295838,0.325343785061127,1.3654522,6-10,61-80,,,,
2018_13_CHI_NYG,NYG,27.0,5010.0,6.0,26.0,360.0,1.0,0.0,44.0,0.9860747,0.82400197,2018,13,2018-12-02,NYG,CHI,CHI,FG,1.8454418,0.5555555555555556,27.0,30.0,NYG 25,Field goal,3.0,0.33516002,0.3646051556468223,1.9007577,6-10,21-40,1.0,0.0,3.0,0.6666666666666667
2018_14_BAL_KC,KC,20.0,4743.0,15.0,17.0,286.0,1.0,0.0,35.0,0.34053397,0.12877393,2018,14,2018-12-09,KC,BAL,BAL,FG,1.8454422,0.4166666666666667,24.0,27.0,KC 25,Field goal,3.0,1.378859,0.4760838033786265,3.1700966,11+,0-20,,,,
2018_14_PHI_DAL,DAL,24.0,4788.0,1.0,19.0,241.0,0.0,0.0,43.406976744186046,1.4502963,0.7870956,2018,14,2018-12-09,DAL,PHI,PHI,GO,5.543848,0.6,23.0,29.0,DAL 25,Touchdown,6.0,-0.26718155,0.3660839635431139,2.012419,1,0-20,3.0,0.6666666666666666,2.0,0.5
2018_15_SEA_SF,SEA,24.0,4613.0,6.0,82.0,456.0,0.0,1.0,59.0,-0.4343306,0.23003785,2018,15,2018-12-16,SF,SEA,SF,PUNT,-2.8495483,0.1666666666666666,23.0,23.0,SEA 14,Punt,0.0,0.8805371,0.4153718967730405,2.424495,6-10,81-100,1.0,1.0,,
2019_01_DET_ARI,ARI,28.0,5194.0,10.0,10.0,441.0,1.0,0.0,28.0,0.14228244,0.9745161,2019,1,2019-09-08,ARI,DET,DET,FG,1.5438484,0.5,24.0,27.0,ARI 25,Field goal,3.0,,,,6-10,0-20,,,,
2019_05_BAL_PIT,BAL,22.0,4364.0,14.0,79.0,503.0,0.0,1.0,47.0,0.15674365,0.23612443,2019,5,2019-10-06,PIT,BAL,PIT,PUNT,-2.446485,0.2,23.0,23.0,BAL 25,Punt,0.0,,,,11+,61-80,,,1.0,1.0
2019_16_CIN_MIA,MIA,26.0,5024.0,2.0,54.0,470.0,0.0,1.0,49.0,-0.011907136,0.38735208,2019,16,2019-12-22,MIA,CIN,CIN,PUNT,-0.9737189,0.3333333333333333,35.0,35.0,MIA 25,Punt,0.0,-0.14528799,0.345347810806176,1.927159,2,41-60,1.0,1.0,,
2020_02_KC_LAC,LAC,19.0,4378.0,1.0,66.0,477.0,0.0,1.0,61.0,-1.1732094,0.4049251,2020,2,2020-09-20,LAC,KC,KC,PUNT,-2.730434,0.0,20.0,20.0,LAC 25,Punt,0.0,,,,1,61-80,1.0,0.0,1.0,1.0
2020_03_CIN_PHI,CIN,22.0,4446.0,4.0,57.0,480.0,0.0,1.0,46.0,0.018301336,0.35156143,2020,3,2020-09-27,PHI,CIN,PHI,PUNT,-1.1561984,0.5,23.0,23.0,CIN 25,Punt,0.0,,,,3-5,41-60,3.0,0.6666666666666666,,
2020_05_LAC_NO,NO,26.0,4718.0,6.0,18.0,311.0,1.0,0.0,36.0,0.36474422,0.9351521,2020,5,2020-10-12,NO,LAC,LAC,FG,1.4665984,0.6,27.0,30.0,NO 34,Field goal,3.0,,,,6-10,0-20,,,,
2020_07_SEA_ARI,SEA,22.0,4940.0,21.0,66.0,346.0,0.0,1.0,48.0,-0.24446909,0.28472152,2020,7,2020-10-25,ARI,SEA,ARI,PUNT,-2.289884,0.3333333333333333,34.0,34.0,SEA 25,Punt,0.0,,,,11+,61-80,,,1.0,0.0
2020_08_NO_CHI,NO,23.0,4581.0,2.0,45.0,419.0,0.0,0.0,43.406976744186046,-0.71086633,0.4137513,2020,8,2020-11-01,CHI,NO,CHI,GO,-1.6417224,0.2,23.0,23.0,NO 25,Punt,0.0,0.7379336,0.4292933497786977,2.925926,2,41-60,3.0,0.0,1.0,1.0
2020_08_NO_CHI,NO,23.0,4604.0,7.0,50.0,419.0,0.0,1.0,31.0,-0.5606788,0.34469032,2020,8,2020-11-01,CHI,NO,CHI,PUNT,-1.6417224,0.2,23.0,23.0,NO 25,Punt,0.0,0.7379336,0.4292933497786977,2.925926,6-10,41-60,,,2.0,1.0
2020_11_TEN_BAL,BAL,19.0,4080.0,8.0,73.0,485.0,0.0,1.0,46.0,-0.067021094,0.28519723,2020,11,2020-11-22,BAL,TEN,TEN,PUNT,-2.210981,0.0,24.0,24.0,BAL 25,Punt,0.0,0.11663804,0.4165001314622527,2.016946,6-10,61-80,1.0,0.0,2.0,0.5
2020_13_JAX_MIN,MIN,28.0,4746.0,14.0,80.0,496.0,0.0,1.0,52.0,0.3518441,0.29138586,2020,13,2020-12-06,MIN,JAX,JAX,PUNT,-2.4904473,0.3333333333333333,24.0,24.0,MIN 24,Punt,0.0,0.25171933,0.3702705653733792,2.5933373,11+,61-80,1.0,0.0,,
2020_15_LAC_LV,LV,18.0,3942.0,5.0,5.0,202.0,1.0,0.0,23.0,0.025368854,0.09563984,2020,15,2020-12-17,LV,LAC,LAC,FG,1.4665982,0.5333333333333333,24.0,27.0,LV 25,Field goal,3.0,0.22256802,0.3547722989994974,2.5201142,3-5,0-20,2.0,0.0,2.0,1.0
2021_01_MIN_CIN,CIN,22.0,4348.0,9.0,64.0,399.0,0.0,1.0,43.0,-0.024912043,0.28869373,2021,1,2021-09-12,CIN,MIN,MIN,PUNT,-1.7853258,0.2857142857142857,24.0,24.0,CIN 25,Punt,0.0,,,,6-10,61-80,1.0,0.0,,
2021_02_TEN_SEA,TEN,23.0,4511.0,15.0,66.0,505.0,0.0,1.0,53.0,0.7202985,0.29484248,2021,2,2021-09-19,SEA,TEN,SEA,PUNT,-1.2324742,0.3333333333333333,30.0,30.0,TEN 18,Punt,0.0,,,,11+,61-80,1.0,0.0,,
2021_03_MIA_LV,LV,22.0,4492.0,9.0,20.0,392.0,1.0,0.0,38.0,0.5013798,0.9144641,2021,3,2021-09-26,LV,MIA,MIA,FG,1.4665982,0.4444444444444444,25.0,28.0,LV 25,Field goal,3.0,,,,6-10,0-20,,,1.0,1.0
2021_04_TEN_NYJ,NYJ,25.0,4769.0,4.0,4.0,273.0,1.0,0.0,22.0,0.045538794,0.9891762,2021,4,2021-10-03,NYJ,TEN,TEN,FG,1.8454417,0.5714285714285714,24.0,27.0,NYJ 25,Field goal,3.0,,,,3-5,0-20,1.0,0.0,,
2021_06_DAL_NE,NE,23.0,4385.0,3.0,54.0,480.0,0.0,1.0,34.0,-0.7335461,0.37415528,2021,6,2021-10-17,NE,DAL,DAL,PUNT,-1.9076102,0.2857142857142857,29.0,29.0,NE 25,Punt,0.0,,,,3-5,41-60,1.0,0.0,3.0,0.3333333333333333
2021_06_SEA_PIT,SEA,24.0,4415.0,17.0,58.0,401.0,0.0,1.0,47.0,-0.17766024,0.29958254,2021,6,2021-10-17,PIT,SEA,PIT,PUNT,-1.6222274,0.4285714285714285,20.0,20.0,SEA 27,Punt,0.0,,,,11+,41-60,4.0,0.0,,
2021_08_TEN_IND,IND,21.0,4500.0,6.0,66.0,541.0,0.0,1.0,38.0,-0.6463744,0.37790632,2021,8,2021-10-31,IND,TEN,TEN,PUNT,-2.7149413,0.2,31.0,31.0,IND 30,Punt,0.0,0.6787951,0.4153334392251906,2.2900026,6-10,61-80,,,2.0,0.5
2021_10_DET_PIT,DET,23.0,4181.0,16.0,50.0,462.0,0.0,1.0,33.0,-0.32872903,0.3450084,2021,10,2021-11-14,PIT,DET,PIT,PUNT,-1.5694634,0.3333333333333333,16.0,16.0,DET 26,Punt,0.0,-0.89030534,0.3480064212294604,1.409596,11+,41-60,3.0,0.0,,
2021_12_LV_DAL,DAL,28.0,4986.0,4.0,87.0,530.0,0.0,1.0,59.0,0.75028676,0.26305237,2021,12,2021-11-25,DAL,LV,LV,PUNT,-2.457198,0.2,33.0,33.0,DAL 7,Punt,0.0,0.05706681,0.3875363610278939,2.1871212,3-5,81-100,1.0,0.0,,
2021_14_BUF_TB,BUF,26.0,4710.0,4.0,69.0,538.0,0.0,1.0,63.0,0.87743336,0.30981565,2021,14,2021-12-12,TB,BUF,TB,PUNT,-0.9569947,0.2,27.0,27.0,BUF 25,Punt,0.0,-0.17316498,0.4057866325758483,2.0001554,3-5,61-80,1.0,,,
2021_14_SF_CIN,CIN,23.0,4315.0,7.0,23.0,379.0,1.0,0.0,41.0,0.70911175,0.87250304,2021,14,2021-12-12,CIN,SF,SF,FG,1.8454418,0.375,20.0,23.0,CIN 25,Field goal,3.0,0.035424244,0.42395993666827,2.4864995,6-10,21-40,,,2.0,1.0
2021_18_LAC_LV,LV,22.0,4829.0,3.0,22.0,434.0,1.0,0.0,40.0,0.71059835,0.8853904,2021,18,2022-01-09,LV,LAC,LAC,FG,1.4665983,0.5,29.0,32.0,LV 25,Field goal,3.0,-0.13560367,0.4024353548291457,1.7611111,3-5,21-40,2.0,0.0,1.0,1.0
2021_18_PIT_BAL,BAL,28.0,4205.0,9.0,53.0,391.0,0.0,1.0,36.0,-0.1524334,0.33330148,2021,18,2022-01-09,BAL,PIT,PIT,PUNT,-1.4808493,0.3333333333333333,13.0,13.0,BAL 24,Punt,0.0,0.1867928,0.3886562883376609,1.9452602,6-10,41-60,3.0,0.0,1.0,1.0
2021_18_SF_LA,SF,21.0,3948.0,6.0,6.0,168.0,1.0,0.0,24.0,0.03618605,0.99174243,2021,18,2022-01-09,LA,SF,LA,FG,1.5944583,0.5,24.0,27.0,SF 25,Field goal,3.0,0.25949734,0.3686215178396352,2.2198718,6-10,0-20,,,1.0,0.0
2022_01_IND_HOU,HOU,24.0,4327.0,26.0,76.0,518.0,0.0,1.0,52.0,-0.1534155,0.29176688,2022,1,2022-09-11,HOU,IND,IND,PUNT,-2.9122958,0.1666666666666666,20.0,20.0,HOU 40,Punt,0.0,,,,11+,61-80,1.0,0.0,,
2022_01_PIT_CIN,PIT,25.0,4221.0,3.0,68.0,511.0,0.0,1.0,48.0,-0.3446748,0.3093362,2022,1,2022-09-11,CIN,PIT,CIN,PUNT,-2.0932434,0.2,20.0,20.0,PIT 25,Punt,0.0,,,,3-5,61-80,,,,
2022_02_ARI_LV,ARI,17.0,4366.0,1.0,37.0,336.0,0.0,0.0,43.406976744186046,-3.8228126,0.40813726,2022,2,2022-09-18,LV,ARI,LV,GO,-3.1022253,0.4,23.0,23.0,ARI 25,Turnover on downs,0.0,,,,1,21-40,2.0,0.0,3.0,0.6666666666666667
2022_04_NE_GB,GB,23.0,3704.0,7.0,72.0,506.0,0.0,1.0,43.0,-1.5625845,0.31271005,2022,4,2022-10-02,GB,NE,NE,PUNT,-3.4346948,0.0,24.0,24.0,GB 25,Punt,0.0,,,,6-10,61-80,,,4.0,0.75
2022_05_IND_DEN,IND,26.0,4574.0,3.0,30.0,354.0,1.0,0.0,48.0,1.3755212,0.7612116,2022,5,2022-10-06,DEN,IND,DEN,FG,2.0199714,0.4444444444444444,9.0,12.0,IND 25,Field goal,3.0,,,,3-5,21-40,2.0,0.5,,
2022_06_DEN_LAC,DEN,19.0,4106.0,1.0,66.0,512.0,0.0,1.0,58.0,-0.9049878,0.3848221,2022,6,2022-10-17,LAC,DEN,LAC,PUNT,-2.621133,0.2,16.0,16.0,DEN 25,Punt,0.0,,,,1,61-80,1.0,0.0,2.0,1.0
2022_09_TEN_KC,KC,25.0,4450.0,1.0,13.0,313.0,0.0,0.0,43.406976744186046,1.1607538,0.83548903,2022,9,2022-11-06,KC,TEN,TEN,GO,1.8454418,0.4,17.0,20.0,KC 25,Field goal,3.0,1.1114107,0.4465270216595975,2.7295456,1,0-20,2.0,1.0,5.0,0.0
2022_09_TEN_KC,KC,25.0,4547.0,10.0,11.0,247.0,1.0,0.0,28.0,0.1443994,0.96842957,2022,9,2022-11-06,KC,TEN,TEN,FG,1.8454418,0.4,17.0,20.0,KC 25,Field goal,3.0,1.1114107,0.4465270216595975,2.7295456,6-10,0-20,,,2.0,0.5
2022_10_DAL_GB,DAL,24.0,4308.0,3.0,35.0,381.0,0.0,0.0,43.406976744186046,-2.9863663,0.555026,2022,10,2022-11-13,GB,DAL,GB,GO,-2.6005094,0.4545454545454545,28.0,28.0,DAL 25,Turnover on downs,0.0,0.18892534,0.36867196068153,2.1726108,3-5,21-40,1.0,0.0,2.0,1.0
2022_10_MIN_BUF,MIN,25.0,4940.0,15.0,15.0,225.0,1.0,0.0,33.0,0.2619823,0.94418555,2022,10,2022-11-13,BUF,MIN,BUF,FG,2.0199716,0.4666666666666667,30.0,33.0,MIN 25,Field goal,3.0,0.26390868,0.4088211301993352,2.3258483,11+,0-20,,,1.0,1.0
2022_12_LV_SEA,LV,25.0,4331.0,2.0,38.0,356.0,1.0,0.0,56.0,-2.6294615,0.5911183,2022,12,2022-11-27,SEA,LV,SEA,FG,-3.174149,0.3333333333333333,34.0,34.0,LV 25,Missed field goal,0.0,0.27597502,0.3764520823221803,2.162963,2,21-40,1.0,1.0,3.0,1.0
2022_12_TB_CLE,TB,23.0,4089.0,14.0,57.0,455.0,0.0,1.0,42.0,-0.41251472,0.3176642,2022,12,2022-11-27,CLE,TB,CLE,PUNT,-1.8662188,0.3333333333333333,17.0,17.0,TB 25,Punt,0.0,0.08299263,0.3787769562209904,1.6172494,11+,41-60,,,,
2022_13_WAS_NYG,NYG,23.0,4000.0,12.0,64.0,461.0,0.0,1.0,31.0,-0.873146,0.3171421,2022,13,2022-12-04,NYG,WAS,WAS,PUNT,-2.622896,0.5,20.0,20.0,NYG 27,Punt,0.0,0.20067096,0.3856444423734976,2.0155303,11+,61-80,1.0,0.0,,
2022_15_DAL_JAX,JAX,24.0,4268.0,3.0,68.0,536.0,0.0,1.0,48.0,-0.08495906,0.33576086,2022,15,2022-12-18,JAX,DAL,DAL,PUNT,-1.82739,0.1666666666666666,34.0,34.0,JAX 25,Punt,0.0,0.09771877,0.3920363409837485,2.107744,3-5,61-80,2.0,0.5,3.0,0.3333333333333333
2022_15_IND_MIN,MIN,33.0,5079.0,10.0,39.0,298.0,0.0,1.0,26.0,-0.98148346,0.42819646,2022,15,2022-12-17,MIN,IND,IND,PUNT,-1.9023271,0.4166666666666667,36.0,36.0,MIN 17,Punt,0.0,-0.16000928,0.3405189131716281,1.8690976,6-10,21-40,1.0,0.0,2.0,1.0
2022_15_KC_HOU,KC,22.0,4070.0,16.0,55.0,341.0,0.0,1.0,42.0,-0.11255831,0.33550048,2022,15,2022-12-18,HOU,KC,HOU,PUNT,-1.4603852,0.4444444444444444,24.0,24.0,KC 9,Punt,0.0,0.8371658,0.4351176302432283,2.4767315,11+,41-60,,,1.0,1.0
2022_16_TB_ARI,ARI,27.0,4571.0,9.0,64.0,470.0,0.0,1.0,52.0,-0.09535801,0.37028316,2022,16,2022-12-25,ARI,TB,TB,PUNT,-1.888119,0.125,16.0,16.0,ARI 25,Punt,0.0,-0.9606612,0.3378289722203902,1.5243784,6-10,61-80,1.0,0.0,2.0,1.0
2022_18_LA_SEA,SEA,23.0,3807.0,7.0,72.0,566.0,0.0,1.0,52.0,0.04218726,0.30948898,2022,18,2023-01-08,SEA,LA,LA,PUNT,-2.0765383,0.2,16.0,16.0,SEA 25,Punt,0.0,-0.22732748,0.3880006027922695,1.8981962,6-10,61-80,2.0,0.0,,
2023_01_BUF_NYJ,BUF,22.0,4010.0,12.0,77.0,561.0,0.0,1.0,42.0,-5.435014,0.25525525,2023,1,2023-09-11,NYJ,BUF,NYJ,PUNT,-7.9800286,0.0,16.0,16.0,BUF 25,Opp touchdown,0.0,,,,11+,61-80,,,1.0,
2023_02_LAC_TEN,LAC,21.0,4070.0,10.0,75.0,583.0,0.0,1.0,47.0,-0.55097914,0.28046525,2023,2,2023-09-17,TEN,LAC,TEN,PUNT,-2.8642836,0.0,24.0,24.0,LAC 25,Punt,0.0,,,,6-10,61-80,1.0,0.0,1.0,1.0
2023_03_IND_BAL,IND,27.0,4638.0,6.0,71.0,515.0,0.0,1.0,50.0,-1.6392533,0.2929967,2023,3,2023-09-24,BAL,IND,BAL,PUNT,-3.5940812,0.2,19.0,19.0,IND 25,Punt,0.0,,,,6-10,61-80,2.0,0.5,2.0,0.5
2023_04_WAS_PHI,WAS,19.0,4618.0,5.0,70.0,515.0,0.0,1.0,29.0,-1.0462575,0.23209691,2023,4,2023-10-01,PHI,WAS,PHI,PUNT,-2.9530518,0.0,31.0,31.0,WAS 25,Punt,0.0,,,,3-5,61-80,1.0,0.0,1.0,1.0
2023_08_NYJ_NYG,NYG,33.0,4656.0,21.0,86.0,501.0,0.0,1.0,47.0,0.11432418,0.21181098,2023,8,2023-10-29,NYG,NYJ,NYJ,PUNT,-2.93646,0.1666666666666666,10.0,10.0,NYG 25,Punt,0.0,-0.7593848,0.3990979908539432,1.2416667,11+,81-100,,,1.0,1.0
2023_12_BUF_PHI,BUF,27.0,5071.0,6.0,22.0,356.0,1.0,0.0,40.0,0.6227044,0.88444465,2023,12,2023-11-26,PHI,BUF,PHI,FG,2.0199714,0.3076923076923077,31.0,34.0,BUF 25,Field goal,3.0,0.09322148,0.3879187947545673,2.1228957,6-10,21-40,1.0,0.0,3.0,0.6666666666666667
2023_13_CIN_JAX,JAX,22.0,4409.0,21.0,59.0,312.0,0.0,1.0,42.0,-0.3649242,0.28188172,2023,13,2023-12-04,JAX,CIN,CIN,PUNT,-1.9861825,0.3,31.0,31.0,JAX 25,Punt,0.0,0.22936535,0.3828634870554062,2.1072853,11+,41-60,2.0,0.0,1.0,1.0
2023_13_IND_TEN,TEN,27.0,5021.0,11.0,27.0,264.0,1.0,0.0,46.0,1.0209733,0.8044764,2023,13,2023-12-03,TEN,IND,IND,FG,1.845442,0.4285714285714285,25.0,28.0,TEN 25,Field goal,3.0,-0.12820943,0.3929026831962172,1.5040404,11+,21-40,1.0,,1.0,1.0
2023_14_LA_BAL,BAL,25.0,4807.0,6.0,71.0,547.0,0.0,1.0,51.0,-0.12484272,0.3250196,2023,14,2023-12-10,BAL,LA,LA,PUNT,-2.0869458,0.0,31.0,31.0,BAL 25,Punt,0.0,0.7418285,0.4394510974435217,2.710062,6-10,61-80,2.0,0.0,3.0,0.3333333333333333
2023_15_HOU_TEN,TEN,21.0,4255.0,20.0,62.0,394.0,0.0,1.0,35.0,-0.39220452,0.294106,2023,15,2023-12-17,TEN,HOU,HOU,PUNT,-2.0934224,0.125,16.0,16.0,TEN 25,Punt,0.0,-0.088970415,0.359558244345826,1.5338482,11+,61-80,1.0,0.0,,
2023_15_MIN_CIN,CIN,20.0,4191.0,18.0,83.0,511.0,0.0,1.0,56.0,0.08428372,0.22805129,2023,15,2023-12-16,CIN,MIN,MIN,PUNT,-2.8149128,0.2,24.0,24.0,CIN 25,Punt,0.0,0.4224944,0.3790775179236718,2.2229438,11+,81-100,,,,
2024_02_SEA_NE,NE,22.0,4291.0,1.0,61.0,500.0,0.0,1.0,45.0,-0.53197247,0.39385694,2024,2,2024-09-15,NE,SEA,SEA,PUNT,-1.5513341,0.4,20.0,20.0,NE 30,Punt,0.0,,,,1,61-80,2.0,0.5,3.0,0.6666666666666667
2024_09_LA_SEA,SEA,28.0,5113.0,1.0,16.0,445.0,0.0,0.0,43.406976744186046,-3.7972393,0.836647,2024,9,2024-11-03,SEA,LA,LA,GO,-1.6936855,0.625,20.0,20.0,SEA 30,Turnover on downs,0.0,-0.004049162,0.4573436426033702,1.9220538,1,0-20,4.0,0.0,4.0,0.75
2024_09_NE_TEN,TEN,21.0,4679.0,1.0,6.0,154.0,1.0,0.0,25.0,0.061741233,0.98328525,2024,9,2024-11-03,TEN,NE,NE,FG,1.8454423,0.5,17.0,20.0,TEN 22,Field goal,3.0,-0.88112855,0.4140269939612045,1.4046232,1,0-20,1.0,0.0,2.0,1.0
2024_12_MIN_CHI,CHI,24.0,4434.0,16.0,76.0,467.0,0.0,1.0,54.0,0.46842492,0.25572687,2024,12,2024-11-24,CHI,MIN,MIN,PUNT,-1.9810423,0.5,27.0,27.0,CHI 30,Punt,0.0,0.11621214,0.3871295113310329,1.9334415,11+,61-80,,,2.0,0.5
2024_13_TB_CAR,TB,26.0,4859.0,7.0,37.0,396.0,1.0,0.0,55.0,-2.7842731,0.6176691,2024,13,2024-12-01,CAR,TB,CAR,FG,-3.1691444,0.2857142857142857,23.0,23.0,TB 34,Missed field goal,0.0,0.80050546,0.442609968402452,2.597222,6-10,21-40,1.0,0.0,2.0,1.0
2024_16_ARI_CAR,CAR,21.0,4409.0,7.0,67.0,473.0,0.0,1.0,57.0,0.63743263,0.31134102,2024,16,2024-12-22,CAR,ARI,ARI,PUNT,-1.2076929,0.6,30.0,30.0,CAR 30,Punt,0.0,0.029363418,0.4152641833622694,1.9083343,6-10,61-80,4.0,0.0,1.0,1.0
2024_17_DEN_CIN,CIN,17.0,4340.0,14.0,57.0,411.0,0.0,1.0,47.0,0.4456239,0.22922069,2024,17,2024-12-28,CIN,DEN,DEN,PUNT,-1.0654626,0.5714285714285714,24.0,24.0,CIN 26,Punt,0.0,0.7125323,0.4947899154934289,2.6014569,11+,41-60,1.0,0.0,,
2024_18_JAX_IND,IND,24.0,4615.0,5.0,20.0,327.0,1.0,0.0,38.0,0.46502876,0.9149249,2024,18,2025-01-05,IND,JAX,JAX,FG,1.5438483,0.5833333333333334,23.0,26.0,IND 30,Field goal,3.0,-0.13084443,0.4173184184642518,2.041809,3-5,0-20,3.0,1.0,1.0,1.0
